Collection ID,User ID,Collection Name,Status,Created Date,Total Contributions,Amount Raised (Net),Amount Raised (Gross),Platform Fees,Total Withdrawals,Total Withdrawn,Wallet Available Balance,Wallet Pending Balance,Wallet Net Payment,Expected Outstanding (Raised - Withdrawn),Balance Discrepancy (Wallet vs Expected),Wallet Last Updated
3aaf6944-7256-4c21-9d21-710f82759fb6,0ccb51ba-9da2-4c24-b4d0-9a249f34035a,Untitled Collection,active,2025-08-15T15:58:28.651199+00:00,78,863772,881400,17628,1,1045000,,,1029882,-181228,181228,2026-08-08T04:00:00.165309+00:00
8cdff519-6c70-4e25-8c80-9c9f24083948,0ccb51ba-9da2-4c24-b4d0-9a249f34035a,Untitled Collection,active,2025-08-16T11:51:59.649584+00:00,69,764106,779700,15594,2,896301,11767,,908068,-132195,143962,2026-08-08T04:00:00.165309+00:00
abfb6213-4744-4b28-952a-294d773ee02c,1fc35f99-3e3b-43cd-927c-c74c10f8b4d3,Untitled Collection,active,2025-07-09T19:39:38.080031+00:00,66,323400,330000,6600,5,387100,,,387100,-63700,63700,2026-08-08T04:00:00.165309+00:00
51b86e12-7d24-4474-8669-c306f55aa046,92c015cb-92c0-4595-b6a9-2c4ea3750164,Untitled Collection,active,2025-09-30T15:37:15.486056+00:00,262,267695,274387.38,6692.380000000005,5,377420,9.03,,377429.03,-109725,109734.03,2026-08-08T04:00:00.165309+00:00
2ece7301-b5ec-431d-93e9-49e99bf88b0d,0ccb51ba-9da2-4c24-b4d0-9a249f34035a,Untitled Collection,active,2025-08-17T10:17:35.878376+00:00,21,232554,237300,4746,1,284193,,,276850,-51639,51639,2026-08-08T04:00:00.165309+00:00
9ca93e50-6c73-4b05-9a05-b4395a2f0b3f,0ccb51ba-9da2-4c24-b4d0-9a249f34035a,Untitled Collection,active,2025-08-18T07:10:28.549495+00:00,18,199332,203400,4068,1,218610,2870,,221480,-19278,22148,2026-08-08T04:00:00.165309+00:00
64f1bb3f-ce72-4501-9526-cf584adbb46b,0ccb51ba-9da2-4c24-b4d0-9a249f34035a,Untitled Collection,active,2025-08-15T21:43:56.177022+00:00,14,155036,158200,3164,1,174888,2296,,177184,-19852,22148,2026-08-08T04:00:00.165309+00:00
ed1ecc6c-f496-4a70-b7d0-532f0224b005,0ccb51ba-9da2-4c24-b4d0-9a249f34035a,Untitled Collection,active,2025-08-19T12:07:02.999357+00:00,13,143962,146900,2938,1,163957,2153,,166110,-19995,22148,2026-08-08T04:00:00.165309+00:00
876526c4-461c-49c5-8898-586c399de9a5,0ccb51ba-9da2-4c24-b4d0-9a249f34035a,Untitled Collection,active,2025-08-20T11:34:07.576997+00:00,11,121814,124300,2486,1,142096,1866,,143962,-20282,22148,2026-08-08T04:00:00.165309+00:00
41c972d3-c8e7-4f2d-9d17-d547b1b9aeaa,0ccb51ba-9da2-4c24-b4d0-9a249f34035a,Untitled Collection,active,2025-08-22T10:07:43.441607+00:00,9,99666,101700,2034,1,120235,1579,,121814,-20569,22148,2026-08-08T04:00:00.165309+00:00
493a58e4-51c0-4d02-8b76-7c12e0f3a5b5,92c015cb-92c0-4595-b6a9-2c4ea3750164,Untitled Collection,paused,2025-10-09T06:13:58.067037+00:00,6,81000,82620,1620,1,202000,,,202000,-121000,121000,2026-08-08T04:00:00.165309+00:00
45eec041-89c9-4bb9-8ebd-81a20c42ab51,0ccb51ba-9da2-4c24-b4d0-9a249f34035a,Untitled Collection,active,2025-08-21T09:10:11.516946+00:00,7,77518,79100,1582,1,76513,1005,,77518,1005,,2026-08-08T04:00:00.165309+00:00
6131f2be-6f60-4fec-ba38-bb1a333f67dd,92c015cb-92c0-4595-b6a9-2c4ea3750164,Untitled Collection,closed,2025-09-30T10:36:53.796813+00:00,5,68000,69360,1360,2,81000,,,81000,-13000,13000,2026-08-08T04:00:00.165309+00:00
a6db794a-1a6b-4e1c-be74-11f009b0bd6e,92c015cb-92c0-4595-b6a9-2c4ea3750164,Untitled Collection,closed,2025-09-30T11:18:02.943826+00:00,5,66000,67320,1320,1,92000,,,92000,-26000,26000,2026-08-08T04:00:00.165309+00:00
36fce1e6-eb65-4a12-b528-afc2009c2bda,d5f1fd1a-ee6e-4104-b4b7-2150a6f3a886,Untitled Collection,active,2025-06-10T18:28:33.27776+00:00,10,29400,30000,600,4,34400,880,,35280,-5000,5880,2026-08-08T04:00:00.165309+00:00
436f29bf-8564-4325-86e5-bf28e6d82cdb,7bfe9dba-7ee8-41d4-8e0b-ae6c0c84c78c,Untitled Collection,active,2025-06-06T10:57:53.257586+00:00,11,21560,22000,440,1,24960,520,,25480,-3400,3920,2026-08-08T04:00:00.165309+00:00
8c6b6087-8e66-468d-900f-619365a8ee7d,ef06b3cf-9e02-4243-99c4-e17f3bb8be11,Untitled Collection,active,2025-06-06T12:06:56.423551+00:00,8,15680,16000,320,1,17280,2320,,19600,-1600,3920,2026-08-08T04:00:00.165309+00:00
b422e0e4-c35f-44f3-b804-9f28ba1c9fbf,0ccb51ba-9da2-4c24-b4d0-9a249f34035a,Untitled Collection,active,2025-08-16T17:48:00.075177+00:00,2,13725.5,14000,274.5,1,14000,,,13725.5,-274.5,274.5,2026-08-08T04:00:00.165309+00:00
b456af0f-5abc-4679-ad98-816f9a637fcc,92c015cb-92c0-4595-b6a9-2c4ea3750164,Untitled Collection,closed,2025-09-30T11:25:54.652839+00:00,1,13000,13260,260,1,26000,,,26000,-13000,13000,2026-08-08T04:00:00.165309+00:00
8a9783f8-8182-4bcd-91f4-a4fd17754970,9c0f8eb6-d126-40de-8318-2184d8b56e8f,Untitled Collection,active,2025-10-16T18:42:14.375767+00:00,1,2940,3000,60,2,5700,180,,5880,-2760,2940,2026-08-08T04:00:00.165309+00:00
b5fba93d-724c-444a-bd4b-15e088d53c81,e4b73856-9b94-4caa-ae72-9e4d9ea81d60,Untitled Collection,active,2025-06-06T12:19:48.186911+00:00,1,1960,2000,40,,,1960,,1960,1960,,2026-08-08T04:00:00.165309+00:00
6194d5c2-7967-46fe-b54c-c52a12c96bb9,98e66c2c-0fc8-4dec-b376-a6b938e2dfea,Untitled Collection,active,2025-10-21T02:19:59.60972+00:00,1,1000,1020,20,2,600,400,,1000,400,,2026-08-08T04:00:00.165309+00:00
dd495925-03ba-4b19-a23d-02c048a3619e,15cec962-b0d4-477a-a96d-6932cb359b71,Untitled Collection,active,2025-06-27T11:25:23.784866+00:00,1,980.33,999.93,19.59999999999991,1,999,,,980.33,-18.66999999999996,18.66999999999996,2026-08-08T04:00:00.165309+00:00
ccdfbb9b-8678-4868-b174-17fb260651fe,ebf716b9-002e-4048-80cd-e50e554b5b77,Untitled Collection,active,2025-07-18T20:58:25.314948+00:00,1,294,300,6,1,265,29,,294,29,,2026-08-08T04:00:00.165309+00:00
40ffb1c2-b62e-4b1f-97d1-0e549e8ef57c,ebf716b9-002e-4048-80cd-e50e554b5b77,Untitled Collection,active,2025-07-17T16:51:39.835016+00:00,1,196.08,200,3.9199999999999875,1,200,,,196.08,-3.9199999999999875,3.9199999999999875,2026-08-08T04:00:00.165309+00:00
861d3f16-9e47-4ca1-b8e3-e40407d784ec,15cec962-b0d4-477a-a96d-6932cb359b71,Untitled Collection,active,2025-07-02T13:36:17.639312+00:00,1,107.8,110,2.200000000000003,1,100,7.8,,107.8,7.799999999999997,2.6645352591003757e-15,2026-08-08T04:00:00.165309+00:00
fd41c3ce-8b77-4942-8b18-339dd58aeaa4,0ccb51ba-9da2-4c24-b4d0-9a249f34035a,Untitled Collection,active,2025-11-15T14:51:16.262334+00:00,,,,,1,35000,,,35000,-35000,35000,2026-08-08T04:00:00.165309+00:00
6d1fc223-06a4-47b9-a0da-9a4bf6cd7de3,558bf0e0-850c-40d3-b10d-53619a120847,Untitled Collection,active,2026-01-04T20:21:30.749983+00:00,,,,,2,2940,,,2940,-2940,2940,2026-08-08T04:00:00.165309+00:00
319aa807-d86f-4b41-b9af-59bf8ddffce1,ee2fc189-192a-4821-baa2-727c75fa9469,Untitled Collection,active,2026-01-29T13:21:15.260674+00:00,,,,,1,1000,,,1000,-1000,1000,2026-08-08T04:00:00.165309+00:00
1b23f497-b216-49ba-98c7-3a91027bf972,98e66c2c-0fc8-4dec-b376-a6b938e2dfea,Untitled Collection,active,2025-09-01T17:11:38.19336+00:00,,,,,,,,,,,,2026-08-08T04:00:00.165309+00:00
d9ffc8d2-188a-4682-9d8e-95fd74f03323,b689c904-d53b-46b4-ba94-03f13ad600dd,Untitled Collection,active,2025-12-30T19:29:27.896832+00:00,,,,,,,,,,,,2026-08-08T04:00:00.165309+00:00
31ffb6e5-7631-418e-8239-75c8451fa9cc,d9a5ff1f-d1b7-4f0f-9576-1b1f02c84533,Untitled Collection,deleted,2026-06-24T19:57:10.364074+00:00,,,,,,,,,,,,
fda456f8-464c-4d11-82f6-8ee5b6646004,daa408e5-26b5-460c-8eed-1b86e757c4da,Untitled Collection,active,2025-09-28T01:00:21.428091+00:00,,,,,,,,,,,,2026-08-08T04:00:00.165309+00:00
0e886000-f280-4d05-9233-2e729de88149,d5f1fd1a-ee6e-4104-b4b7-2150a6f3a886,Untitled Collection,active,2025-06-10T18:15:17.362367+00:00,,,,,,,,,,,,2026-08-08T04:00:00.165309+00:00
4658aaa2-f29e-4e68-84f7-67b13b178b2b,98e66c2c-0fc8-4dec-b376-a6b938e2dfea,Untitled Collection,active,2025-07-01T20:03:35.480613+00:00,,,,,,,,,,,,2026-08-08T04:00:00.165309+00:00
fe4de06e-5184-4c70-a5c7-4dba94a14102,75845690-f1b3-4e91-a96e-8c4b51943c44,Untitled Collection,active,2026-04-07T21:56:07.318567+00:00,,,,,,,,,,,,2026-08-08T04:00:00.165309+00:00
2089b58e-d324-443c-a2ed-69b558d11c65,da95c7bf-4302-4631-9eb1-c840770763a9,Untitled Collection,active,2026-05-13T13:30:45.371809+00:00,,,,,,,,,,,,2026-08-08T04:00:00.165309+00:00
f9683cfd-c06f-4d37-9b55-47c250b32c4f,28c422c2-db5e-4566-ae18-5d32093caf96,Untitled Collection,active,2025-11-16T17:15:11.279062+00:00,,,,,,,,,,,,2026-08-08T04:00:00.165309+00:00
a61d1b02-b224-473b-8f90-42005cecb21f,9c0f8eb6-d126-40de-8318-2184d8b56e8f,Untitled Collection,active,2025-11-25T20:46:27.306934+00:00,,,,,1,15000,,,15000,-15000,15000,2026-08-08T04:00:00.165309+00:00
5939e5cd-cedc-4a80-98e5-281201cec866,d9a5ff1f-d1b7-4f0f-9576-1b1f02c84533,Untitled Collection,active,2025-12-19T09:13:41.978738+00:00,,,,,,,,,,,,2026-08-08T04:00:00.165309+00:00
6e6dc50c-f773-484f-9506-23f682f115b3,76872b91-be24-4f29-ab05-95b2b22646a0,Untitled Collection,active,2025-12-29T13:21:27.930139+00:00,,,,,,,,,,,,2026-08-08T04:00:00.165309+00:00
8b331299-9d06-4c33-938a-29d92c241a6f,75845690-f1b3-4e91-a96e-8c4b51943c44,Untitled Collection,active,2026-04-07T22:11:37.65885+00:00,,,,,,,,,,,,2026-08-08T04:00:00.165309+00:00
0690ed41-aa34-40e7-a090-ac91acd4e10b,558bf0e0-850c-40d3-b10d-53619a120847,Untitled Collection,active,2026-03-06T05:51:25.079195+00:00,,,,,1,490,,,490,-490,490,2026-08-08T04:00:00.165309+00:00
a52a2267-ba9f-481c-a2ff-901129f1eb46,d9a5ff1f-d1b7-4f0f-9576-1b1f02c84533,Untitled Collection,active,2026-01-07T06:35:16.933973+00:00,,,,,1,102,2.99,,104.99,-102,104.99,2026-08-08T04:00:00.165309+00:00
e1e9a5cf-3e05-4659-9981-69a3934b8ec5,f1b0e63f-5bb8-45bc-95dc-ea93c118e646,Untitled Collection,active,2026-05-19T14:43:08.114546+00:00,,,,,,,,,,,,2026-08-08T04:00:00.165309+00:00
490b4913-90cc-4f65-b088-13e75df1de0a,b4c6e747-2d5f-4564-9cf5-d2c45885123c,Untitled Collection,active,2026-03-30T07:27:38.91891+00:00,,,,,,,,,,,,2026-08-08T04:00:00.165309+00:00
6836122d-6477-4918-83e0-39f73aa101b6,d9a5ff1f-d1b7-4f0f-9576-1b1f02c84533,Untitled Collection,active,2026-06-24T19:59:15.48699+00:00,,,,,3,630,,,629.94,-630,630,2026-08-08T04:00:00.165309+00:00
6f84285f-0b42-447d-948f-67d295624bf4,ee2fc189-192a-4821-baa2-727c75fa9469,Untitled Collection,active,2026-02-03T22:28:52.86679+00:00,,,,,6,84000,,,84000,-84000,84000,2026-08-08T04:00:00.165309+00:00
b4474453-ecc8-43c4-a53f-e3045c3d4ea9,28c422c2-db5e-4566-ae18-5d32093caf96,Untitled Collection,active,2025-11-30T05:38:32.492869+00:00,,,,,3,8800,20,,8820,-8800,8820,2026-08-08T04:00:00.165309+00:00
ce28d3de-dd34-41a6-88a8-b606c654435f,c0383938-2828-449e-b874-184331331c4d,Untitled Collection,active,2026-03-24T08:19:45.98246+00:00,,,,,,,,,,,,2026-08-08T04:00:00.165309+00:00
814ce7cb-f9f5-4832-b71a-0ac54984edad,00ff7730-8e78-4368-937e-3e76e825cae7,Untitled Collection,active,2025-09-14T13:31:49.193619+00:00,,,,,,,,,,,,2026-08-08T04:00:00.165309+00:00
64c008e1-821d-4a1e-8575-f85d306f9232,80ff3a79-c697-4f81-9ef9-3ea4ad5b540e,Untitled Collection,active,2025-11-22T00:53:59.083615+00:00,,,,,,,,,,,,2026-08-08T04:00:00.165309+00:00
57e36394-e823-4133-af1e-21db9918fdef,9b0460ba-2286-4f69-9ee6-2696d69e4ebe,Untitled Collection,active,2026-02-10T13:31:17.136349+00:00,,,,,1,250000,,,250000,-250000,250000,2026-08-08T04:00:00.165309+00:00
4c7e219f-1b70-4b12-aa0c-fd4f840f8a9f,67063e9e-ab15-432b-b863-3d16b2d0ad96,Untitled Collection,active,2026-03-10T13:54:08.672794+00:00,,,,,,,500,,500,,500,2026-08-08T04:00:00.165309+00:00
971e0b16-d777-4616-b2af-2acbf87ff62e,d1d1a7d4-eabc-41b5-b4d7-8df51091651e,Untitled Collection,active,2026-04-28T08:11:42.071194+00:00,,,,,1,29400,,,29400,-29400,29400,2026-08-08T04:00:00.165309+00:00
a61a3361-c2a9-4d45-ba7b-9e6775b7f74f,2db8bc11-bb63-4cf9-8997-5b8d61dd5069,Untitled Collection,closed,2026-03-16T01:23:09.902304+00:00,,,,,10,330000,,,330000,-330000,330000,2026-08-08T04:00:00.165309+00:00
968170b9-fa63-4907-9a9b-c109f1af3b85,92c015cb-92c0-4595-b6a9-2c4ea3750164,Untitled Collection,active,2026-02-15T05:51:19.390219+00:00,,,,,2,122000,,,122000,-122000,122000,2026-08-08T04:00:00.165309+00:00
ce47b3cd-879d-46c0-bb4e-417f202e471c,6e6dccc4-e547-4fed-93f0-9e304906a1af,Untitled Collection,active,2025-09-11T11:57:34.505285+00:00,,,,,,,,,,,,2026-08-08T04:00:00.165309+00:00
b8436d3a-52a3-4b50-8a0c-dfff6f66531f,aa267931-07d4-412b-8a0a-3d3b3b287151,Untitled Collection,active,2025-09-15T15:44:10.895647+00:00,,,,,,,,,,,,2026-08-08T04:00:00.165309+00:00
5d245e43-154e-4aca-8b28-779f1138b332,cccbf637-651e-4d07-adab-78d7c28c0bd4,Untitled Collection,active,2025-08-17T22:42:26.733755+00:00,,,,,,,,,,,,2026-08-08T04:00:00.165309+00:00
1a9f63c3-2537-449a-93b3-06acb22aeb91,98e66c2c-0fc8-4dec-b376-a6b938e2dfea,Untitled Collection,active,2025-08-17T16:47:58.958967+00:00,,,,,,,,,,,,2026-08-08T04:00:00.165309+00:00
6b846207-9ad0-4e45-89d9-20f77704e193,b12a7ad7-6ba2-4dd2-a5aa-c128482c812f,Untitled Collection,active,2025-09-20T20:22:28.219082+00:00,,,,,,,,,,,,2026-08-08T04:00:00.165309+00:00
2626a9af-d18d-43f4-a7af-d08b0a56cfb7,d9a5ff1f-d1b7-4f0f-9576-1b1f02c84533,Untitled Collection,active,2025-09-30T08:47:12.510541+00:00,,,,,,,,,,,,2026-08-08T04:00:00.165309+00:00
b7e52d61-4fe0-4f8d-b66c-4d68ba754f3f,bfd329f1-5e4a-400b-8303-c5236f9e07ee,Untitled Collection,active,2026-03-31T10:40:27.185927+00:00,,,,,,,,,,,,2026-08-08T04:00:00.165309+00:00
8040c052-e9d4-4848-a24c-cd8d59665a99,ee2fc189-192a-4821-baa2-727c75fa9469,Untitled Collection,active,2025-12-19T20:21:38.420322+00:00,,,,,,,,,,,,2026-08-08T04:00:00.165309+00:00
7401a9d4-4cb3-4b35-8144-0c1ff0ecee0e,98e66c2c-0fc8-4dec-b376-a6b938e2dfea,Untitled Collection,active,2025-07-01T20:04:14.222872+00:00,,,,,,,,,,,,2026-08-08T04:00:00.165309+00:00
afb28632-51ff-416e-b11d-13d2a663fe59,98e66c2c-0fc8-4dec-b376-a6b938e2dfea,Untitled Collection,active,2025-10-27T10:03:18.945265+00:00,,,,,,,,,,,,2026-08-08T04:00:00.165309+00:00
aefdb80c-be82-4546-8fac-79397323b1dd,98e66c2c-0fc8-4dec-b376-a6b938e2dfea,Untitled Collection,active,2025-07-08T20:06:55.170806+00:00,,,,,,,,,,,,2026-08-08T04:00:00.165309+00:00
bae65afb-9bfa-4d23-bcc3-21d2c2aed2b9,b0c8f5e9-1c61-48fb-962e-b658b16899d7,Untitled Collection,active,2025-07-02T10:47:06.894751+00:00,,,,,,,,,,,,2026-08-08T04:00:00.165309+00:00
2b4fe58a-d1b2-4081-8f59-90287b96eba0,b31c1566-1b72-49b9-acd3-3ea9ca80bf3c,Untitled Collection,rejected,2026-06-25T21:11:26.46708+00:00,,,,,,,,,,,,
560d68c2-926e-40fc-8194-375557e40f33,1fc35f99-3e3b-43cd-927c-c74c10f8b4d3,Untitled Collection,active,2025-07-08T12:24:48.462547+00:00,,,,,,,,,,,,2026-08-08T04:00:00.165309+00:00
f22e2ad7-f0e8-4dbe-b2fc-6f6b753ea028,98e66c2c-0fc8-4dec-b376-a6b938e2dfea,Untitled Collection,active,2025-07-08T20:08:29.47693+00:00,,,,,,,,,,,,2026-08-08T04:00:00.165309+00:00
70ffc99b-8ee5-462a-8ff3-ad0a33a3ceec,98e66c2c-0fc8-4dec-b376-a6b938e2dfea,Untitled Collection,active,2025-07-08T20:10:10.080235+00:00,,,,,,,,,,,,2026-08-08T04:00:00.165309+00:00
82656df2-16da-4651-9645-005bfce497b6,ebf716b9-002e-4048-80cd-e50e554b5b77,Untitled Collection,active,2025-07-24T14:45:16.70394+00:00,,,,,,,,,,,,2026-08-08T04:00:00.165309+00:00
113b06cd-f2fc-4020-838a-e8814f6cc9cf,393677e1-3f8a-4b9d-828e-826ee584eb2a,Untitled Collection,active,2025-07-21T08:03:49.066152+00:00,,,,,,,,,,,,2026-08-08T04:00:00.165309+00:00
61c14b9f-86e5-44ee-b287-3b41e477ac4c,393677e1-3f8a-4b9d-828e-826ee584eb2a,Untitled Collection,active,2025-07-21T08:03:49.409206+00:00,,,,,,,,,,,,2026-08-08T04:00:00.165309+00:00
982326c8-9f0b-4dd9-bc8a-b4be2d9ac976,393677e1-3f8a-4b9d-828e-826ee584eb2a,Untitled Collection,active,2025-07-17T19:34:15.986408+00:00,,,,,,,,,,,,2026-08-08T04:00:00.165309+00:00
fcbe3381-c817-4c38-88f3-d34c2c5751da,393677e1-3f8a-4b9d-828e-826ee584eb2a,Untitled Collection,active,2025-07-21T08:03:49.4957+00:00,,,,,,,,,,,,2026-08-08T04:00:00.165309+00:00
61b0c420-a262-4f12-b537-ccd7ca9a0bb1,25e8d9e8-1238-459e-ad23-a566722dbfbb,Untitled Collection,active,2026-01-31T10:01:13.42134+00:00,,,,,,,,,,,,2026-08-08T04:00:00.165309+00:00
f0974965-08e8-4b7c-b497-4bfc748316f7,eab3424e-1e45-493e-89b6-9c035f665011,Untitled Collection,active,2025-11-03T09:59:38.308959+00:00,,,,,,,,,,,,2026-08-08T04:00:00.165309+00:00
40e4cc9e-72c8-4088-aaf5-ce25ebc1dbd1,11d6732f-b640-42f7-bf9c-b63a2ffb20a7,Untitled Collection,active,2025-11-08T22:30:11.342604+00:00,,,,,,,,,,,,2026-08-08T04:00:00.165309+00:00
adc25f6b-69b1-4342-8204-5ade61112f62,ebf716b9-002e-4048-80cd-e50e554b5b77,Untitled Collection,active,2025-07-18T16:22:23.89913+00:00,,,,,,,,,,,,2026-08-08T04:00:00.165309+00:00
255f86b7-6431-4064-b21e-f48763303c68,ae70df1d-a40c-4730-bb7f-87ab052e3417,Untitled Collection,active,2025-07-25T08:13:44.307017+00:00,,,,,,,,,,,,2026-08-08T04:00:00.165309+00:00
805121f8-29cc-4b5a-92c4-20fc3b691e8d,a5c5cf07-db80-4b58-b1aa-fec86441232c,Untitled Collection,active,2026-04-27T22:29:40.231442+00:00,,,,,1,10000,,,10000,-10000,10000,2026-08-08T04:00:00.165309+00:00
b664e0ad-124f-4914-bca0-75297fb3c6cf,28bcb95b-9e7a-4b7f-8131-544172a63299,Untitled Collection,active,2025-07-24T09:16:23.566509+00:00,,,,,,,,,,,,2026-08-08T04:00:00.165309+00:00
6ed8234c-7d5b-493e-b312-0f389dd72eb7,ff9f8050-26f5-440b-8bd6-8adfab7e1bdd,Untitled Collection,active,2025-07-24T09:39:37.753614+00:00,,,,,,,,,,,,2026-08-08T04:00:00.165309+00:00
e357eb7c-8a5a-40d7-a9a9-7dfe1e2daccf,ebf716b9-002e-4048-80cd-e50e554b5b77,Untitled Collection,active,2025-07-24T14:45:15.990126+00:00,,,,,,,,,,,,2026-08-08T04:00:00.165309+00:00
6119ed0a-4802-4566-953d-19cf62b24c25,04ecf657-972a-4574-a025-805cc03e2d2d,Untitled Collection,active,2026-06-26T16:51:49.997906+00:00,,,,,,,,,,,,
5f14e893-5ac5-4081-a797-70364539a52b,5f09e158-ec5c-47e8-a587-6fa10f1711f6,Untitled Collection,active,2025-08-17T06:00:10.708345+00:00,,,,,,,,,,,,2026-08-08T04:00:00.165309+00:00
6cbc0ca9-b7e5-47ee-8372-8fdeec3a3895,7e403e22-2d36-4d47-8e7c-05fec9116352,Untitled Collection,active,2025-08-21T20:04:41.520057+00:00,,,,,,,,,,,,2026-08-08T04:00:00.165309+00:00
dbdc5a85-aae0-4c67-8bc2-341605b738ee,98e66c2c-0fc8-4dec-b376-a6b938e2dfea,Untitled Collection,active,2025-12-22T11:55:55.971137+00:00,,,,,,,,,,,,2026-08-08T04:00:00.165309+00:00
b4bcfddf-4421-47ac-8156-c1efc58777da,0f585bfb-5a85-47e0-b2e9-ba3f520bc249,Untitled Collection,active,2026-02-01T23:52:36.896179+00:00,,,,,,,,,,,,2026-08-08T04:00:00.165309+00:00
8558d47d-bb5b-4828-a6a5-803cf0f0cfe6,fd06e6c4-aa37-4d61-9336-59802cb48f00,Untitled Collection,active,2026-03-09T09:44:15.954092+00:00,,,,,,,,,,,,2026-08-08T04:00:00.165309+00:00
d5070d28-1ac7-4c62-ac55-13bcb8735fe0,ebf716b9-002e-4048-80cd-e50e554b5b77,Untitled Collection,active,2025-07-24T14:45:16.417049+00:00,,,,,,,,,,,,2026-08-08T04:00:00.165309+00:00
f73e4bcc-3bfa-4daa-b784-0d3a969273af,cc0c1d34-54b5-4d82-a6ff-4ae7f0ff6be6,Untitled Collection,active,2025-11-07T17:21:35.488888+00:00,,,,,,,1000,,1000,,1000,2026-08-08T04:00:00.165309+00:00
9cab1874-904e-47b2-a798-de2ffab0c456,98e66c2c-0fc8-4dec-b376-a6b938e2dfea,Untitled Collection,active,2025-09-30T08:47:12.433286+00:00,,,,,,,,,,,,2026-08-08T04:00:00.165309+00:00
6708e139-5d72-42ea-a49b-12c9ede87bce,e0f58b1e-b90f-4acc-9945-8013b7818b06,Untitled Collection,active,2025-11-22T16:43:15.442408+00:00,,,,,,,2000,,2000,,2000,2026-08-08T04:00:00.165309+00:00
023ab984-650a-4e3a-a18d-d2c09957b103,9c0f8eb6-d126-40de-8318-2184d8b56e8f,Untitled Collection,active,2025-10-14T16:33:52.875024+00:00,,,,,,,,,,,,2026-08-08T04:00:00.165309+00:00
32413761-15b5-4686-af24-a1f4bcf30c6f,a5c5cf07-db80-4b58-b1aa-fec86441232c,Untitled Collection,active,2026-05-04T17:29:38.241287+00:00,,,,,1,11000,,,11000,-11000,11000,2026-08-08T04:00:00.165309+00:00
eacf0ca1-a2ad-40a8-9218-8ecbcc256817,4567e0f1-0eaf-42b5-bdd7-5ffcca38a07a,Untitled Collection,active,2025-10-09T11:52:58.52395+00:00,,,,,,,,,,,,2026-08-08T04:00:00.165309+00:00
5a267c06-f32e-4400-9d68-32c9cc0e231d,d5f1fd1a-ee6e-4104-b4b7-2150a6f3a886,Untitled Collection,active,2025-06-03T18:26:11.891743+00:00,,,,,,,,,,,,2026-08-08T04:00:00.165309+00:00
9ea1c840-3873-4f34-8f81-49ff5f6a28ad,f16ecd59-39a2-4dc5-848c-a3fcd6def07f,Untitled Collection,active,2026-03-28T10:39:51.820692+00:00,,,,,1,2400,,,2400,-2400,2400,2026-08-08T04:00:00.165309+00:00
f2e4390b-4e5e-4c21-8456-7deeb4e5ca1a,d5f1fd1a-ee6e-4104-b4b7-2150a6f3a886,Untitled Collection,active,2025-06-03T18:31:55.602752+00:00,,,,,,,,,,,,2026-08-08T04:00:00.165309+00:00
5c53ac8d-2dc5-4180-b822-39e56d03fde2,8d0abac1-2e35-49dd-9365-aebccb9dd0e5,Untitled Collection,active,2025-06-27T14:10:42.938228+00:00,,,,,,,,,,,,2026-08-08T04:00:00.165309+00:00
e9ea00c3-7ccb-47ec-b932-4030f810c96d,98e66c2c-0fc8-4dec-b376-a6b938e2dfea,Untitled Collection,active,2025-06-27T08:06:26.717912+00:00,,,,,,,,,,,,2026-08-08T04:00:00.165309+00:00
7951851b-ab1d-4a30-8acf-3beed3935567,98e66c2c-0fc8-4dec-b376-a6b938e2dfea,Untitled Collection,active,2025-07-01T20:02:12.956464+00:00,,,,,,,,,,,,2026-08-08T04:00:00.165309+00:00
b724f7d2-82d8-4dfd-9783-50c1ed6c2a40,00ff7730-8e78-4368-937e-3e76e825cae7,Untitled Collection,active,2025-09-14T13:27:21.789831+00:00,,,,,,,,,,,,2026-08-08T04:00:00.165309+00:00
11a6c942-22aa-43a3-a0e7-8f794a7f5938,5724627c-cd80-4740-a11f-25f57fb89844,Untitled Collection,active,2026-06-30T16:34:00.570534+00:00,,,,,,,,,,,,
6d77dc60-020b-4d89-965e-efcd07c6e133,da9b9aa5-1351-4e74-8fe9-9cf8856487d9,Untitled Collection,active,2026-03-01T19:58:46.123024+00:00,,,,,,,,,,,,2026-08-08T04:00:00.165309+00:00
2a792230-5456-4b24-b4f0-95e4719fd110,da95c7bf-4302-4631-9eb1-c840770763a9,Untitled Collection,active,2026-04-02T05:39:04.467671+00:00,,,,,5,15000,,,15000,-15000,15000,2026-08-08T04:00:00.165309+00:00
708e3489-4b98-4a48-a812-5c82a7d1f69a,8495cf7f-a804-4c91-aaf1-8f3aa0d74c07,Untitled Collection,active,2026-02-03T11:30:44.945023+00:00,,,,,1,10000,,,10000,-10000,10000,2026-08-08T04:00:00.165309+00:00
36afceb1-f48c-4406-abbb-edbff7d6f669,d9a5ff1f-d1b7-4f0f-9576-1b1f02c84533,Untitled Collection,active,2025-11-24T05:53:30.883249+00:00,,,,,1,110,,,110,-110,110,2026-08-08T04:00:00.165309+00:00
d92f2a5f-16f0-491d-8c54-947e6a4c6312,149e3dc3-eded-4a4d-b5d4-0a2fc0e8334e,Untitled Collection,active,2026-01-02T22:05:36.7108+00:00,,,,,1,10000,,,10000,-10000,10000,2026-08-08T04:00:00.165309+00:00
b34bcaef-adaf-45be-99ee-b134abe56ca5,fb581c30-9abd-4833-bcfd-cabd4dc1786a,Untitled Collection,active,2025-11-08T09:51:57.527669+00:00,,,,,,,,,,,,2026-08-08T04:00:00.165309+00:00
e8eb2a0d-23ca-448a-b1df-a2f003e42189,da019895-d55d-443f-9ef2-6a5b7cdb0626,Untitled Collection,active,2025-08-20T14:50:22.600121+00:00,,,,,,,,,,,,2026-08-08T04:00:00.165309+00:00
a4ff6e7f-dc62-4fe3-9666-778f38dfa2db,92c015cb-92c0-4595-b6a9-2c4ea3750164,Untitled Collection,active,2026-02-14T01:22:11.336673+00:00,,,,,1,178000,,,178000,-178000,178000,2026-08-08T04:00:00.165309+00:00
e7d55392-033f-4a15-87f0-ec8a1f3877a2,b4c6e747-2d5f-4564-9cf5-d2c45885123c,Untitled Collection,active,2026-03-09T15:09:47.500443+00:00,,,,,,,,,,,,2026-08-08T04:00:00.165309+00:00
fdfe4ef2-1400-47ae-8526-8a9500217304,558bf0e0-850c-40d3-b10d-53619a120847,Untitled Collection,active,2026-03-04T22:34:49.505417+00:00,,,,,1,4410,,,4410,-4410,4410,2026-08-08T04:00:00.165309+00:00
04dc31cf-059a-43d6-8438-f3e8246e9205,9af95211-d0e3-4c8f-bc4d-148dbbd7368c,Untitled Collection,active,2026-03-25T22:29:17.152858+00:00,,,,,1,21000,,,21000,-21000,21000,2026-08-08T04:00:00.165309+00:00
2834f176-ecd4-48ef-b099-50fbde2fc94c,7006b096-555c-4be7-9c10-c9085feb50aa,Untitled Collection,closed,2026-04-15T05:35:14.529137+00:00,,,,,2,1726270,,,1726270,-1726270,1726270,2026-08-08T04:00:00.165309+00:00
678e6b27-5a5b-4ced-b83a-ae820263b45b,d1d1a7d4-eabc-41b5-b4d7-8df51091651e,Untitled Collection,deleted,2026-03-18T11:43:09.870938+00:00,,,,,,,,,,,,2026-08-08T04:00:00.165309+00:00
711812b0-f8c0-46ba-91f0-1cd217622912,0cec0c20-ff53-436a-816f-d9f4002d317e,Untitled Collection,active,2026-04-12T12:02:18.751232+00:00,,,,,1,580000,,,580000,-580000,580000,2026-08-08T04:00:00.165309+00:00
ffee04f5-7786-47d2-a3e6-93e76b163f5e,635d4eda-9a61-4743-ac9e-9b2b091ae1dc,Untitled Collection,active,2026-04-02T13:47:37.41578+00:00,,,,,,,,,,,,2026-08-08T04:00:00.165309+00:00
0706f002-d8be-49b3-a012-6ab10600beb9,0f5686e5-2973-44b0-9baa-b233265924c0,Untitled Collection,active,2026-01-09T08:32:18.433502+00:00,,,,,,,,,,,,2026-08-08T04:00:00.165309+00:00
42bdffcb-dd27-466b-8fc4-c0ffff049bd8,7d64fe8b-3ef3-4a15-9d83-d2fb16a9e78e,Untitled Collection,paused,2026-05-24T09:10:00.475198+00:00,,,,,1,92500,,,92500,-92500,92500,2026-08-08T04:00:00.165309+00:00
f4c30113-d4e0-4f1f-bf96-8deacc40720e,1d1ed551-4b7b-4a7d-bb16-141a6c7a06f4,Untitled Collection,active,2026-07-03T18:33:33.681767+00:00,,,,,3,102000,3000,,105000,-102000,105000,2026-08-08T04:00:00.165309+00:00
3647cbe6-42ab-4959-9fc2-c8b80cbe3bde,80ff3a79-c697-4f81-9ef9-3ea4ad5b540e,Untitled Collection,active,2025-12-24T14:18:29.944501+00:00,,,,,,,,,,,,2026-08-08T04:00:00.165309+00:00
809f8b3e-fb6f-4ca7-9d7b-09861b2a47af,558bf0e0-850c-40d3-b10d-53619a120847,Untitled Collection,active,2026-03-05T04:00:32.29588+00:00,,,,,2,2450,,,2450,-2450,2450,2026-08-08T04:00:00.165309+00:00
05d79da4-a3c4-48d0-8b79-c55feed1d336,cd1f4c04-e4e5-4d3c-9c53-a11c9bcc85d9,Untitled Collection,active,2026-02-25T10:53:50.044046+00:00,,,,,2,3550000,,,3550000,-3550000,3550000,2026-08-08T04:00:00.165309+00:00
04e4372d-f6ff-4e2b-a4ef-582382c91a6b,75845690-f1b3-4e91-a96e-8c4b51943c44,Untitled Collection,active,2026-04-28T07:50:54.631363+00:00,,,,,,,,,,,,2026-08-08T04:00:00.165309+00:00
e82360ad-785e-4d3e-beb4-212dafd824c7,d1d1a7d4-eabc-41b5-b4d7-8df51091651e,Untitled Collection,deleted,2026-03-19T09:06:37.712083+00:00,,,,,,,,,,,,2026-08-08T04:00:00.165309+00:00
2c77de16-0ea6-4563-a32b-76b8f8534147,4515b309-e466-40a1-916b-f22097b72089,Untitled Collection,active,2026-01-18T16:22:07.26429+00:00,,,,,24,306000,,,306000,-306000,306000,2026-08-08T04:00:00.165309+00:00
c8cf0e18-074c-46d5-8b50-1675e92bfbc7,98e66c2c-0fc8-4dec-b376-a6b938e2dfea,Untitled Collection,active,2025-07-01T20:03:35.248123+00:00,,,,,,,,,,,,2026-08-08T04:00:00.165309+00:00
4dcb694e-4587-4ec7-9b37-f0242badc39a,863e3d63-6675-4d9d-8090-1f938296ede8,Untitled Collection,closed,2026-02-20T09:06:00.624343+00:00,,,,,2,13622000,49000,,13671000,-13622000,13671000,2026-08-08T04:00:00.165309+00:00
08f0e69e-0e83-4e61-a00e-ee715eacc518,d9a5ff1f-d1b7-4f0f-9576-1b1f02c84533,Untitled Collection,active,2025-12-07T17:16:15.890136+00:00,,,,,,,,,,,,2026-08-08T04:00:00.165309+00:00
fbfac2e1-3465-4981-b3e4-9108d8719468,635d4eda-9a61-4743-ac9e-9b2b091ae1dc,Untitled Collection,active,2026-04-02T17:51:51.028908+00:00,,,,,,,,,,,,2026-08-08T04:00:00.165309+00:00
86bcb5be-ed42-4853-aa55-e906d8d08e33,5f09e158-ec5c-47e8-a587-6fa10f1711f6,Untitled Collection,active,2025-07-01T10:42:21.209663+00:00,,,,,,,,,,,,2026-08-08T04:00:00.165309+00:00
f63e9671-d17a-4ad1-b909-d78d891649fa,98e66c2c-0fc8-4dec-b376-a6b938e2dfea,Untitled Collection,active,2025-06-11T15:33:35.072615+00:00,,,,,,,,,,,,2026-08-08T04:00:00.165309+00:00
dc3e7c6b-8d7c-4af4-b514-4e41a682f49f,98e66c2c-0fc8-4dec-b376-a6b938e2dfea,Untitled Collection,active,2025-07-01T20:01:18.27964+00:00,,,,,,,,,,,,2026-08-08T04:00:00.165309+00:00
1897b352-94ae-4965-a1fd-23608d05d9d5,98e66c2c-0fc8-4dec-b376-a6b938e2dfea,Untitled Collection,active,2025-07-01T20:03:35.295608+00:00,,,,,,,,,,,,2026-08-08T04:00:00.165309+00:00
ea2498e0-01bb-4ef3-810b-72a643e7c97a,ad83b367-7da5-4e8d-a296-5ff88b4e980a,Untitled Collection,deleted,2026-06-17T15:30:03.087692+00:00,,,,,,,,,,,,
5d0692f2-37f7-4e04-a6ee-12c984ddd151,1ed664c9-b3cf-4f50-8c4b-554b486aa871,Untitled Collection,active,2026-02-06T16:48:55.175954+00:00,,,,,,,,,,,,2026-08-08T04:00:00.165309+00:00
11a62279-b9f5-43ad-a625-4fb4ded31fc9,98e66c2c-0fc8-4dec-b376-a6b938e2dfea,Untitled Collection,active,2026-01-15T20:11:40.402346+00:00,,,,,,,,,,,,2026-08-08T04:00:00.165309+00:00
3f85b7df-7983-4eb9-9f3f-e0381f4a8b0a,cd1f4c04-e4e5-4d3c-9c53-a11c9bcc85d9,Untitled Collection,active,2026-07-05T18:12:23.188531+00:00,,,,,1,3000,,,3000,-3000,3000,2026-08-08T04:00:00.165309+00:00
e8b282c0-2ec1-458e-b868-6f337a43535a,d9a5ff1f-d1b7-4f0f-9576-1b1f02c84533,Untitled Collection,active,2026-03-04T09:37:28.66537+00:00,,,,,,,,,,,,2026-08-08T04:00:00.165309+00:00
e37f8541-9fe5-431b-881a-d357731568a8,7716a128-0f59-4d4a-bd99-8443b4241793,Untitled Collection,active,2026-03-14T13:59:12.855106+00:00,,,,,,,,,,,,2026-08-08T04:00:00.165309+00:00
3f6c9c27-da74-45a0-8a36-9418cb89b817,07ff72b6-7414-4b1b-ae31-dd0abc1d8985,Untitled Collection,active,2026-03-21T16:05:22.08802+00:00,,,,,,,,,,,,2026-08-08T04:00:00.165309+00:00
14a94520-dc96-4891-8f14-4ac54e39be53,d9a5ff1f-d1b7-4f0f-9576-1b1f02c84533,Untitled Collection,deleted,2025-09-14T00:46:17.586489+00:00,,,,,,,,,,,,2026-08-08T04:00:00.165309+00:00
96f2f8e9-d2ff-434a-9ae9-a6ce7cd80a0b,da019895-d55d-443f-9ef2-6a5b7cdb0626,Untitled Collection,active,2025-08-20T14:43:35.825773+00:00,,,,,,,,,,,,2026-08-08T04:00:00.165309+00:00
fd770e6b-41fe-430c-a030-bc78bd1f7b8f,149e3dc3-eded-4a4d-b5d4-0a2fc0e8334e,Untitled Collection,active,2026-07-08T22:33:33.161651+00:00,,,,,,,,,,,,
60751243-939d-4659-8a37-97af994216d4,4019000f-ff5c-474c-9dbb-5cddac7124c7,Untitled Collection,active,2025-08-19T22:29:26.574163+00:00,,,,,,,,,,,,2026-08-08T04:00:00.165309+00:00
fa8fb088-2f21-4da4-97e5-45aa20ac5214,ad83b367-7da5-4e8d-a296-5ff88b4e980a,Untitled Collection,closed,2026-06-17T15:53:37.284862+00:00,,,,,,,,,,,,
7c7a5fb9-f1ca-4b63-bea4-a4b11019eecc,2b9b102d-e243-47ef-a3c6-8ca3f23581a7,Untitled Collection,active,2025-08-26T09:11:23.040622+00:00,,,,,,,,,,,,2026-08-08T04:00:00.165309+00:00
1af34055-1b06-4ea9-8607-5f81d3fc8754,ca089b0f-737d-4814-9e50-123e7de5bab0,Untitled Collection,active,2025-09-15T16:10:54.180395+00:00,,,,,,,,,,,,2026-08-08T04:00:00.165309+00:00
7115d71e-e98d-4a31-a020-0c9d55b8dabe,b689c904-d53b-46b4-ba94-03f13ad600dd,Untitled Collection,active,2025-12-30T17:50:05.246869+00:00,,,,,,,,,,,,2026-08-08T04:00:00.165309+00:00
65938f12-ce1a-40a8-b7f9-8f5ba215d0c0,149e3dc3-eded-4a4d-b5d4-0a2fc0e8334e,Untitled Collection,active,2025-12-12T07:49:12.522866+00:00,,,,,1,14000,,,14000,-14000,14000,2026-08-08T04:00:00.165309+00:00
23460ea1-0430-4fd4-8e52-e9bf4ad830f2,149e3dc3-eded-4a4d-b5d4-0a2fc0e8334e,Untitled Collection,active,2026-07-08T22:40:07.74534+00:00,,,,,,,,,,,,
34b087af-a045-43b7-8f50-fb2ca1aeb1e7,ad83b367-7da5-4e8d-a296-5ff88b4e980a,Untitled Collection,closed,2026-06-17T15:58:26.301433+00:00,,,,,,,,,,,,
9bf05c0d-f031-4508-924c-a5c8afc95672,4515b309-e466-40a1-916b-f22097b72089,Untitled Collection,active,2026-01-03T07:25:18.291932+00:00,,,,,,,,,,,,2026-08-08T04:00:00.165309+00:00
2f99d218-4a30-4f19-9c5b-8b70921d0a41,3fc1f0f6-e4f1-47b6-b6d9-6def09a3baaa,Untitled Collection,active,2026-01-25T09:11:23.643451+00:00,,,,,,,,,,,,2026-08-08T04:00:00.165309+00:00
5d7714c1-b05b-4e54-92cd-766436d3cfbb,98e66c2c-0fc8-4dec-b376-a6b938e2dfea,Untitled Collection,active,2026-01-15T20:13:04.496247+00:00,,,,,,,,,,,,2026-08-08T04:00:00.165309+00:00
20cc1614-e565-4db1-ab79-b81181dd2f5e,22a7d2e2-cfee-49c3-b379-42d2bdee7907,Untitled Collection,active,2026-07-15T18:36:58.530336+00:00,,,,,,,,,,,,
7b9b5fb7-9009-4dfb-922c-5b228609a7a7,0c745eac-fc76-4391-8db2-da4f7aa16cc0,Untitled Collection,active,2026-03-15T08:41:29.662071+00:00,,,,,,,,,,,,2026-08-08T04:00:00.165309+00:00
0e5aabb6-7d80-41e7-941f-59b94b1e79e0,28c422c2-db5e-4566-ae18-5d32093caf96,Untitled Collection,active,2026-03-23T15:42:31.817354+00:00,,,,,1,88200,,,88200,-88200,88200,2026-08-08T04:00:00.165309+00:00
b5bc7692-a597-4ee0-8e21-ec7c1568aa40,572b4c5d-f267-40b9-87e7-94181497248a,Untitled Collection,active,2026-06-17T18:51:36.880371+00:00,,,,,,,,,,,,
460c7de7-8b71-48df-b613-c8ccfac85e52,92c015cb-92c0-4595-b6a9-2c4ea3750164,Untitled Collection,closed,2026-01-04T22:33:49.776348+00:00,,,,,2,616300,,,616300,-616300,616300,2026-08-08T04:00:00.165309+00:00
3762ccbe-089b-4b55-85ff-353c3bc75692,a5c5cf07-db80-4b58-b1aa-fec86441232c,Untitled Collection,active,2026-05-01T13:02:12.083073+00:00,,,,,1,37000,,,37000,-37000,37000,2026-08-08T04:00:00.165309+00:00
95fda084-b155-4f61-b62b-3e2870607bc6,f16ecd59-39a2-4dc5-848c-a3fcd6def07f,Untitled Collection,active,2026-03-28T10:26:37.103488+00:00,,,,,3,14400,,,14400,-14400,14400,2026-08-08T04:00:00.165309+00:00
bef49be7-defb-4370-8204-69c25fc8f95f,92c015cb-92c0-4595-b6a9-2c4ea3750164,Untitled Collection,closed,2026-05-02T05:41:59.565846+00:00,,,,,9,1800000,,,1775000,-1800000,1800000,2026-08-08T04:00:00.165309+00:00
0ff2d999-b0e0-4dc8-a164-4e46c1749a40,0cec0c20-ff53-436a-816f-d9f4002d317e,Untitled Collection,active,2026-04-16T10:26:09.487363+00:00,,,,,,,,,,,,2026-08-08T04:00:00.165309+00:00
65a5508b-ed92-4213-a563-62656be5a10c,51ba30d8-4172-4ecb-8e32-9086f6617155,Untitled Collection,active,2026-04-21T17:07:07.378447+00:00,,,,,1,4410,2940,,7350,-4410,7350,2026-08-08T04:00:00.165309+00:00
388915f8-b191-4945-aba7-dc15213ed2a8,92c015cb-92c0-4595-b6a9-2c4ea3750164,Untitled Collection,closed,2025-12-31T08:42:23.494184+00:00,,,,,2,1240800,,,1240800,-1240800,1240800,2026-08-08T04:00:00.165309+00:00
a89f6e8b-16d8-45e8-bd63-e34fc5b7a0ab,8a817c16-64bf-41a9-942d-b8ccdb3d41e3,Untitled Collection,active,2026-05-22T08:26:04.416501+00:00,,,,,,,,,,,,2026-08-08T04:00:00.165309+00:00
ef8c1a78-0420-4c9d-804a-372b35af2335,92c015cb-92c0-4595-b6a9-2c4ea3750164,Untitled Collection,active,2025-12-30T16:20:07.273463+00:00,,,,,2,253800,,,253800,-253800,253800,2026-08-08T04:00:00.165309+00:00
0977782a-f490-4a94-9e51-53708d421454,ee2fc189-192a-4821-baa2-727c75fa9469,Untitled Collection,active,2026-04-26T14:52:57.083446+00:00,,,,,9,147000,,,147000,-147000,147000,2026-08-08T04:00:00.165309+00:00
ee1b1e46-9163-432f-8d07-1b205246adf5,daa408e5-26b5-460c-8eed-1b86e757c4da,Untitled Collection,active,2026-04-07T06:40:40.597189+00:00,,,,,,,,,,,,2026-08-08T04:00:00.165309+00:00
aafb0d37-e928-45c5-ab19-ba94a2186692,572b4c5d-f267-40b9-87e7-94181497248a,Untitled Collection,active,2026-07-16T13:41:26.752367+00:00,,,,,1,10000,10500,,20500,-10000,20500,2026-08-08T04:00:00.165309+00:00
ed014647-c504-457b-b895-cb601eaaec46,d1d1a7d4-eabc-41b5-b4d7-8df51091651e,Untitled Collection,active,2026-05-03T11:39:06.284988+00:00,,,,,,,,,,,,2026-08-08T04:00:00.165309+00:00
ce1c042d-e063-40ba-b58a-38e65cdbc5f2,76dcbfd7-e9db-403e-a06f-d21e0803f8b6,Untitled Collection,active,2026-05-13T03:39:50.524931+00:00,,,,,,,,,,,,2026-08-08T04:00:00.165309+00:00
45e828f1-ceea-4e2f-a52d-6237971a6afc,b4c6e747-2d5f-4564-9cf5-d2c45885123c,Untitled Collection,active,2026-05-11T19:46:06.867737+00:00,,,,,,,,,,,,2026-08-08T04:00:00.165309+00:00
f8d861d6-a3b4-41c2-9c13-0abd3977877e,ad83b367-7da5-4e8d-a296-5ff88b4e980a,Untitled Collection,active,2026-07-21T09:06:57.855682+00:00,,,,,,,,,,,,
493b241f-f2a3-418f-b69e-d060d8d9a4e8,76dcbfd7-e9db-403e-a06f-d21e0803f8b6,Untitled Collection,active,2026-05-13T03:47:33.311357+00:00,,,,,,,,,,,,2026-08-08T04:00:00.165309+00:00
da009f0b-cdb9-426b-8c34-1fc9d041ed75,912259f0-eb12-4184-a6b3-921ae883fa2d,Untitled Collection,active,2026-04-26T13:55:08.060038+00:00,,,,,,,,,,,,2026-08-08T04:00:00.165309+00:00
ff83dbf0-7dce-47f0-9783-f8101657e1a8,ad83b367-7da5-4e8d-a296-5ff88b4e980a,Untitled Collection,closed,2026-07-21T09:16:54.393224+00:00,,,,,,,,,,,,
9861d0f5-b787-4cd6-92b0-b167f3f6fcb6,64ab4c1e-7084-457e-9e7d-99eef4562acd,Untitled Collection,active,2026-04-21T07:18:55.72354+00:00,,,,,1,589960,,,589960,-589960,589960,2026-08-08T04:00:00.165309+00:00
ed8b984a-7254-4c2b-a25f-c8bbae593e7a,ad83b367-7da5-4e8d-a296-5ff88b4e980a,Untitled Collection,active,2026-07-21T09:47:21.916262+00:00,,,,,,,,,,,,
987418bd-aaea-461d-ae2d-be8fbc79d81f,92c015cb-92c0-4595-b6a9-2c4ea3750164,Untitled Collection,active,2025-12-30T14:45:35.065643+00:00,,,,,1,84600,,,84600,-84600,84600,2026-08-08T04:00:00.165309+00:00
da3e3a24-1133-4cdd-8e2a-c3ca53389db1,d0ee7f49-12b8-48b1-9216-716aa9eb1ccc,Untitled Collection,active,2026-07-24T06:12:33.425518+00:00,,,,,,,410000,,410000,,410000,2026-08-08T04:00:00.165309+00:00
b8aa9285-3a35-4c21-b26d-f83206abe144,3ab7011d-3912-478f-b0ac-0f0966133128,Untitled Collection,active,2026-06-17T19:35:36.714277+00:00,,,,,1,9000,,,9000,-9000,9000,2026-08-08T04:00:00.165309+00:00
e06ca563-41c2-4124-97f8-579994d84a1e,0930e362-387f-498d-bc21-7902aa122b08,Untitled Collection,active,2026-07-26T13:15:53.105338+00:00,,,,,5,212050,52550,,264600,-212050,264600,2026-08-08T13:51:12.949+00:00
32d3f986-66ff-4927-a514-ec201eead193,a3799d50-152d-4bde-a833-f95ea48f097f,Untitled Collection,active,2026-05-25T21:51:11.113159+00:00,,,,,,,,,,,,2026-08-08T04:00:00.165309+00:00
88a25049-bb13-4444-b915-d8f3aca1df84,64ab4c1e-7084-457e-9e7d-99eef4562acd,Untitled Collection,active,2026-06-17T23:37:17.178747+00:00,,,,,,,,,,,,2026-08-08T04:00:00.165309+00:00
59a37f9d-c290-46f5-b6c4-33bbcf30ef7f,d0ee7f49-12b8-48b1-9216-716aa9eb1ccc,Untitled Collection,deleted,2026-07-30T08:05:13.973612+00:00,,,,,,,,,,,,
d3e8412c-e743-4631-bc00-206d840a342f,ad83b367-7da5-4e8d-a296-5ff88b4e980a,Untitled Collection,active,2026-06-18T09:34:16.791474+00:00,,,,,,,,,,,,
86b80455-6684-477f-9830-6ce9a8d94da0,d0ee7f49-12b8-48b1-9216-716aa9eb1ccc,Untitled Collection,active,2026-07-31T20:57:32.378593+00:00,,,,,,,905000,90000,995000,,905000,2026-08-08T12:48:58.115+00:00
c842f7d5-7cd6-4697-8eef-40fc42840e39,92c015cb-92c0-4595-b6a9-2c4ea3750164,Untitled Collection,active,2026-05-28T18:09:36.174106+00:00,,,,,,,,,,,,2026-08-08T04:00:00.165309+00:00
8fe2b0ab-3044-4348-918b-7c990847cb34,a3799d50-152d-4bde-a833-f95ea48f097f,Untitled Collection,active,2026-06-19T13:44:25.715938+00:00,,,,,,,,,,,,
cdd004b5-de42-42ff-89dd-9e781dd3a459,d0ee7f49-12b8-48b1-9216-716aa9eb1ccc,Untitled Collection,active,2026-07-28T15:33:20.621505+00:00,,,,,,,300002.46,,300002.46,,300002.46,2026-08-08T04:00:00.165309+00:00
53a33ffd-4412-4ee6-b707-b1e57b58eb2d,d0ee7f49-12b8-48b1-9216-716aa9eb1ccc,Untitled Collection,active,2026-08-07T20:48:57.781702+00:00,,,,,,,,,,,,
c256dde3-e92e-4883-aef7-5d74a622eeb3,7d64fe8b-3ef3-4a15-9d83-d2fb16a9e78e,Untitled Collection,active,2026-06-20T08:17:08.389511+00:00,,,,,,,,,,,,
8255b4fd-b2b3-4fc4-9f26-f5bce502fca4,92c015cb-92c0-4595-b6a9-2c4ea3750164,Untitled Collection,active,2026-05-28T18:26:45.285951+00:00,,,,,1,7600,25,,7625,-7600,7625,2026-08-08T04:00:00.165309+00:00
59eada92-fc8a-4609-9dd6-6d742e3adefc,7006b096-555c-4be7-9c10-c9085feb50aa,Untitled Collection,closed,2026-05-28T14:00:40.563059+00:00,,,,,1,353780,,,353780,-353780,353780,2026-08-08T04:00:00.165309+00:00
e83c70cc-e36d-4380-92c9-ce15486a1bf5,d0ee7f49-12b8-48b1-9216-716aa9eb1ccc,Untitled Collection,active,2026-08-04T06:40:16.202115+00:00,,,,,,,,,,,,
f3cc97a5-48b0-43f4-9bdc-4ca103fd1250,d0ee7f49-12b8-48b1-9216-716aa9eb1ccc,Untitled Collection,active,2026-08-02T19:09:24.604643+00:00,,,,,,,60000,80000,140000,,60000,2026-08-08T14:27:09.869+00:00
0c7ddb3c-994b-4884-9d8c-3f0397abd4c2,f16ecd59-39a2-4dc5-848c-a3fcd6def07f,Untitled Collection,active,2026-01-14T14:49:57.488991+00:00,,,,,5,31500,,,31500,-31500,31500,2026-08-08T04:00:00.165309+00:00
5550b510-b99c-4875-8f24-b3e5869cc9a1,1d1ed551-4b7b-4a7d-bb16-141a6c7a06f4,Untitled Collection,closed,2026-06-20T21:17:02.224108+00:00,,,,,1,4000,,,4000,-4000,4000,2026-08-08T04:00:00.165309+00:00
6c10ea55-ade1-4558-b5a3-ae5a6c163e44,2db8bc11-bb63-4cf9-8997-5b8d61dd5069,Untitled Collection,active,2026-06-03T14:37:37.420809+00:00,,,,,2,8000,,,8000,-8000,8000,2026-08-08T04:00:00.165309+00:00
295866d5-6c3e-443c-9c43-9064d755a074,7d64fe8b-3ef3-4a15-9d83-d2fb16a9e78e,Untitled Collection,active,2026-04-28T14:26:09.957618+00:00,,,,,23,5505000,,,5505000,-5505000,5505000,2026-08-08T04:00:00.165309+00:00
31dec5d9-ee5e-4227-a034-82b11e9e455a,2db8bc11-bb63-4cf9-8997-5b8d61dd5069,Untitled Collection,active,2026-06-03T17:28:43.161019+00:00,,,,,4,90000,,,90000,-90000,90000,2026-08-08T04:00:00.165309+00:00
4e7bc26f-b2a1-413d-a6e3-90a66f1c691e,7d64fe8b-3ef3-4a15-9d83-d2fb16a9e78e,Untitled Collection,active,2026-06-21T14:10:36.336069+00:00,,,,,2,170100,,,170100,-170100,170100,2026-08-08T04:00:00.165309+00:00
07b8c5f6-cecd-4ad5-834c-15aacb755fa4,92c015cb-92c0-4595-b6a9-2c4ea3750164,Untitled Collection,active,2026-06-08T16:24:01.021858+00:00,,,,,1,14000,,,14000,-14000,14000,2026-08-08T04:00:00.165309+00:00
e39ab920-f815-4eb2-96ec-5bcce34fa3fb,1d1ed551-4b7b-4a7d-bb16-141a6c7a06f4,Untitled Collection,closed,2026-05-15T17:30:42.367376+00:00,,,,,3,35000,10000,,45000,-35000,45000,2026-08-08T04:00:00.165309+00:00
4d8e0f65-b392-4dc7-9934-372e56771b71,d9a5ff1f-d1b7-4f0f-9576-1b1f02c84533,Untitled Collection,active,2026-07-01T19:30:13.116917+00:00,,,,,,,1009.99,,1009.99,,1009.99,2026-08-08T04:00:00.165309+00:00
dc73ec00-b2b1-4871-8d5d-0441404b9d2b,d9a5ff1f-d1b7-4f0f-9576-1b1f02c84533,Untitled Collection,active,2025-12-19T09:30:05.490704+00:00,,,,,2,125000,19000,,144000,-125000,144000,2026-08-08T04:00:00.165309+00:00
6e0b3a45-f615-404c-9e52-9c79f72a2be9,1d1ed551-4b7b-4a7d-bb16-141a6c7a06f4,Untitled Collection,closed,2026-06-21T21:29:42.221248+00:00,,,,,1,10000,,,10000,-10000,10000,2026-08-08T04:00:00.165309+00:00
dd54f96e-4cf2-4c71-86ca-4b848b87da97,74bf9043-f347-40f0-b9b9-fb49717445f8,Untitled Collection,active,2025-12-13T07:56:25.910637+00:00,,,,,,,,,,,,2026-08-08T04:00:00.165309+00:00
1b87c2d7-97a7-4013-b615-76470359c3a3,9c0f8eb6-d126-40de-8318-2184d8b56e8f,Untitled Collection,active,2025-11-25T19:11:56.448963+00:00,,,,,,,,,,,,2026-08-08T04:00:00.165309+00:00
09f50e09-ec9d-4fed-ba13-55567e0befb1,d9a5ff1f-d1b7-4f0f-9576-1b1f02c84533,Untitled Collection,active,2025-11-07T16:57:03.236049+00:00,,,,,1,107.8,,,107.8,-107.8,107.8,2026-08-08T04:00:00.165309+00:00
e87478c4-27b1-4820-910d-9dd2bf44eb08,28b43e6d-a173-404f-9c71-94e2934beed8,Untitled Collection,active,2025-12-29T08:50:16.962174+00:00,,,,,,,,,,,,2026-08-08T04:00:00.165309+00:00
d206163b-fecd-4bbb-96c2-b4f86b666b9b,98e66c2c-0fc8-4dec-b376-a6b938e2dfea,Untitled Collection,active,2025-09-01T17:12:20.284044+00:00,,,,,,,,,,,,2026-08-08T04:00:00.165309+00:00
e7e72e87-c828-42cd-8f0a-12be3e9c83bf,00ff7730-8e78-4368-937e-3e76e825cae7,Untitled Collection,active,2025-09-14T13:29:20.179052+00:00,,,,,,,,,,,,2026-08-08T04:00:00.165309+00:00
91492521-8272-416b-b56d-2b0bc2310bf5,149e3dc3-eded-4a4d-b5d4-0a2fc0e8334e,Untitled Collection,active,2025-09-17T18:43:14.389756+00:00,,,,,,,,,,,,2026-08-08T04:00:00.165309+00:00
67dd5926-f9b3-462f-a62d-e344b5ca8a89,98e66c2c-0fc8-4dec-b376-a6b938e2dfea,Untitled Collection,active,2026-01-15T20:17:09.800937+00:00,,,,,,,,,,,,2026-08-08T04:00:00.165309+00:00
083799dc-d800-437b-bb5a-ac33e1ac9d84,7006b096-555c-4be7-9c10-c9085feb50aa,Untitled Collection,closed,2026-06-23T10:43:09.241754+00:00,,,,,2,229320,,,229320,-229320,229320,2026-08-08T04:00:00.165309+00:00
478d2882-5cfd-4d8c-9d0f-db26c5ce24ea,28c422c2-db5e-4566-ae18-5d32093caf96,Untitled Collection,active,2026-01-07T04:07:55.440232+00:00,,,,,8,583000,100,,583100,-583000,583100,2026-08-08T04:00:00.165309+00:00
23af02b0-63b3-4491-85c8-14fef69e2450,04929a44-4ffa-4448-bf3e-3bb0d14fe358,Untitled Collection,active,2025-09-09T13:43:20.975446+00:00,,,,,,,,,,,,2026-08-08T04:00:00.165309+00:00
f8e3e6dc-64c8-4294-996c-a48b56e4764d,92c015cb-92c0-4595-b6a9-2c4ea3750164,Untitled Collection,active,2026-02-22T15:23:14.058485+00:00,,,,,1,341463,8537,,350000,-341463,350000,2026-08-08T04:00:00.165309+00:00
9968c823-cce8-46df-ad31-e4aa99266f75,2631d342-b1c1-4089-8c5e-0105d33f68cd,Untitled Collection,active,2025-09-19T09:51:53.637031+00:00,,,,,,,,,,,,2026-08-08T04:00:00.165309+00:00
127be19a-8761-4343-87ed-3c712f561086,da95c7bf-4302-4631-9eb1-c840770763a9,Untitled Collection,active,2026-04-27T18:14:17.719499+00:00,,,,,,,,,,,,2026-08-08T04:00:00.165309+00:00
44dbcd36-d821-464a-8cbf-f116b2c59cd5,dde1136f-8314-4971-bb01-04981e0f65f1,Untitled Collection,active,2025-11-08T12:34:59.019589+00:00,,,,,,,,,,,,2026-08-08T04:00:00.165309+00:00
a7a71775-c8c7-42d7-8612-3d4b217f0239,4515b309-e466-40a1-916b-f22097b72089,Untitled Collection,active,2025-12-30T00:25:59.383344+00:00,,,,,,,,,,,,2026-08-08T04:00:00.165309+00:00
1798c7f4-a21f-4dfb-9c90-4c1e2ddd79af,3dcd6473-71dd-4bbc-b3a2-22b9ae96674a,Untitled Collection,active,2026-03-31T15:58:33.37555+00:00,,,,,,,,,,,,2026-08-08T04:00:00.165309+00:00
9baf0f1b-0246-42e6-8183-7517c8986f72,ee2fc189-192a-4821-baa2-727c75fa9469,Untitled Collection,active,2026-01-29T13:09:15.778972+00:00,,,,,4,65000,90000,,155000,-65000,155000,2026-08-08T04:00:00.165309+00:00
c2de84cf-3999-4df7-a7af-6b410823868a,d1d1a7d4-eabc-41b5-b4d7-8df51091651e,Untitled Collection,active,2026-01-03T21:31:22.607126+00:00,,,,,1,15000,1000,,16000,-15000,16000,2026-08-08T04:00:00.165309+00:00
c1513a46-f40a-4687-b6f4-5e90b5aa0260,92c015cb-92c0-4595-b6a9-2c4ea3750164,Untitled Collection,closed,2025-12-22T15:12:24.345789+00:00,,,,,1,339400,,,339400,-339400,339400,2026-08-08T04:00:00.165309+00:00
10b9ad1b-6b34-476b-8937-43f9f8af9006,02f78e3f-e589-4c2b-8d64-4d2ccfe56d35,Untitled Collection,closed,2025-10-23T08:27:56.272579+00:00,,,,,1,158000,,,158000,-158000,158000,2026-08-08T04:00:00.165309+00:00
ca0ff709-8fee-43f9-8f60-c73155ee326c,d9a5ff1f-d1b7-4f0f-9576-1b1f02c84533,Untitled Collection,deleted,2025-09-30T08:52:36.530625+00:00,,,,,,,,,,,,2026-08-08T04:00:00.165309+00:00
de16e466-7780-4513-81f5-212d427a63e3,1b489db5-a01c-40a2-a585-8b7cee9043a7,Untitled Collection,active,2026-03-14T11:56:09.725049+00:00,,,,,,,,,,,,2026-08-08T04:00:00.165309+00:00
abc6f507-49e4-4b1d-99b9-0c999afd69a0,07790146-1a90-4edf-9e10-b652db82747b,Untitled Collection,active,2026-04-14T14:24:27.260271+00:00,,,,,,,,,,,,2026-08-08T04:00:00.165309+00:00
a042253b-4719-4a03-9e61-254e1e9ab299,98e66c2c-0fc8-4dec-b376-a6b938e2dfea,Untitled Collection,active,2025-09-30T08:51:42.475845+00:00,,,,,,,,,,,,2026-08-08T04:00:00.165309+00:00
82173bc2-16b9-4661-bc9b-0497b41d8b2b,92c015cb-92c0-4595-b6a9-2c4ea3750164,Untitled Collection,active,2026-03-27T14:25:41.666071+00:00,,,,,3,955000,,,955000,-955000,955000,2026-08-08T04:00:00.165309+00:00
128c6a53-1a76-4a1d-b992-1ce83d97b5df,d9a5ff1f-d1b7-4f0f-9576-1b1f02c84533,Untitled Collection,active,2025-11-07T16:01:48.661322+00:00,,,,,1,100,7.8,,107.8,-100,107.8,2026-08-08T04:00:00.165309+00:00
f42d4a04-fac3-4216-864f-b68bd98dd8e1,ee2fc189-192a-4821-baa2-727c75fa9469,Untitled Collection,paused,2026-01-18T08:43:47.245301+00:00,,,,,1,97000,,,97000,-97000,97000,2026-08-08T04:00:00.165309+00:00
5f527ba0-9717-4529-871d-b0d8ea80c086,558bf0e0-850c-40d3-b10d-53619a120847,Untitled Collection,active,2025-12-29T18:19:08.745655+00:00,,,,,5,13000,,,13000,-13000,13000,2026-08-08T04:00:00.165309+00:00
9be4773d-5bb8-47a7-8bb5-e88ec8fea89b,4b960700-7dbc-4fe9-a0dd-9d98fede8f73,Untitled Collection,active,2026-08-06T20:46:09.956943+00:00,,,,,,,,,,,,
5ff1213e-ab3e-49f1-9f33-2cf9350a49b7,7d64fe8b-3ef3-4a15-9d83-d2fb16a9e78e,Untitled Collection,active,2026-05-05T19:22:00.705764+00:00,,,,,1,5000,,,5000,-5000,5000,2026-08-08T04:00:00.165309+00:00
5478d73c-40f6-4c07-9649-7cb006abff98,92c015cb-92c0-4595-b6a9-2c4ea3750164,Untitled Collection,closed,2026-01-05T11:40:01.869002+00:00,,,,,2,514800,,,514800,-514800,514800,2026-08-08T04:00:00.165309+00:00
e4afcb15-d4e2-46aa-8eb0-fad652fe56e5,17cff59e-a861-456d-8781-890355776cc1,Untitled Collection,active,2025-12-27T19:09:10.744682+00:00,,,,,,,,,,,,2026-08-08T04:00:00.165309+00:00
26c48f22-782b-4a2b-9459-f6cd5c67e634,d3dff253-c763-452d-9394-52a92fe231e2,Untitled Collection,active,2026-05-13T12:32:53.401475+00:00,,,,,,,,,,,,2026-08-08T04:00:00.165309+00:00
ba5a7e7e-b150-442d-a696-53cebdd84522,92c015cb-92c0-4595-b6a9-2c4ea3750164,Untitled Collection,closed,2026-06-24T07:43:48.394852+00:00,,,,,,,800400,,800400,,800400,2026-08-08T04:00:00.165309+00:00
7b69f7c5-b609-436a-a580-93a4f8d0fea2,04d859f5-690c-4dce-9109-d3ec937f9e2a,Untitled Collection,active,2026-06-15T12:20:05.90204+00:00,,,,,,,,,,,,2026-08-08T04:00:00.165309+00:00
dada50cc-fd63-4099-8561-6bb633f10083,d9a5ff1f-d1b7-4f0f-9576-1b1f02c84533,Untitled Collection,active,2026-06-24T13:56:40.085807+00:00,,,,,,,300,,300,,300,2026-08-08T04:00:00.165309+00:00
2f44c416-d48c-482f-bba1-2ce8fddfb97c,149e3dc3-eded-4a4d-b5d4-0a2fc0e8334e,Untitled Collection,active,2026-01-01T11:29:20.130535+00:00,,,,,1,34000,,,34000,-34000,34000,2026-08-08T04:00:00.165309+00:00
4f66f346-db71-4bea-af42-34098134d359,572b4c5d-f267-40b9-87e7-94181497248a,Untitled Collection,deleted,2026-06-15T13:08:51.222468+00:00,,,,,,,,,,,,2026-08-08T04:00:00.165309+00:00
cdcd7a5d-c52b-482b-b1f8-2158d58714ff,f4081eab-4ca3-4843-a90b-861064757a53,Untitled Collection,active,2026-02-12T10:46:57.763632+00:00,,,,,1,52450,1350,,53800,-52450,53800,2026-08-08T04:00:00.165309+00:00
06269bf9-96de-4eeb-a4e7-dc1b2c66d24c,c7713688-4cd0-4aa0-af52-2c676e6c094b,Untitled Collection,active,2026-06-15T15:31:39.960924+00:00,,,,,,,,,,,,2026-08-08T04:00:00.165309+00:00
920c3d1e-8309-4fff-a3a5-3f39454defab,6a7aa6e8-a08f-4831-87f8-a45717c58737,Untitled Collection,active,2026-06-15T22:11:31.268621+00:00,,,,,,,,,,,,2026-08-08T04:00:00.165309+00:00
9d2fb59b-6f2a-4484-aba4-7c77d6d537fb,149e3dc3-eded-4a4d-b5d4-0a2fc0e8334e,Untitled Collection,active,2026-04-19T06:51:31.568162+00:00,,,,,3,24500,,,24500,-24500,24500,2026-08-08T04:00:00.165309+00:00
8e6c3f1a-dac9-40eb-96c3-fc3a8e29ca9a,e9a3978c-e011-45c0-a01c-8b69fe1d75ba,Untitled Collection,active,2026-06-16T21:36:02.777358+00:00,,,,,,,,,,,,
d49fc74e-658b-4338-adf2-5e292572aa0b,92c015cb-92c0-4595-b6a9-2c4ea3750164,Untitled Collection,paused,2026-01-03T02:16:29.08901+00:00,,,,,2,958800,,,958800,-958800,958800,2026-08-08T04:00:00.165309+00:00
568c2579-0147-4af8-9d3e-184e212963f1,d9a5ff1f-d1b7-4f0f-9576-1b1f02c84533,Untitled Collection,active,2026-06-16T22:08:24.36688+00:00,,,,,,,500,,500,,500,2026-08-08T04:00:00.165309+00:00
57ea11e6-5613-4c0c-81b9-e1070a247698,04022003-0558-4562-b306-0e1e1f844e31,Untitled Collection,active,2026-05-10T20:08:29.590986+00:00,,,,,2,40000,,,40000,-40000,40000,2026-08-08T04:00:00.165309+00:00